coin_id,timestamp,price,market_cap,total_volume
bitcoin,2026-09-11 03:00:00+00:00,76824.7930569242,1542831448172.3,29399029790.1365
bitcoin,2026-09-11 04:00:00+00:00,76870.1578849705,1543742485879.87,29933351282.6952
bitcoin,2026-09-11 05:00:00+00:00,77091.2478782176,1548182518594.37,30107644066.98
bitcoin,2026-09-11 06:00:00+00:00,77216.0609394737,1550695636268.21,29885420719.4551
bitcoin,2026-09-11 07:00:00+00:00,77261.3799252656,1551605757202.28,29652425911.3595
bitcoin,2026-09-11 08:00:00+00:00,77201.9973035301,1550413202554.0,29404255758.1972
bitcoin,2026-09-11 09:00:00+00:00,77335.0630488371,1553097334701.26,29335961104.8892
bitcoin,2026-09-11 10:00:00+00:00,77020.8540606134,1546788092218.45,29332769785.7406
bitcoin,2026-09-11 11:00:00+00:00,76968.8728141596,1545744167504.63,29147683838.4074
bitcoin,2026-09-11 12:00:00+00:00,76995.9749893298,1546288452845.76,28747077001.9169
bitcoin,2026-09-11 13:00:00+00:00,77960.7884745399,1565669909286.24,30001239398.5879
bitcoin,2026-09-11 14:00:00+00:00,79157.0939793479,1589695057926.23,31417203803.7552
bitcoin,2026-09-11 15:00:00+00:00,78783.7742672079,1582197757664.42,33140845517.3277
bitcoin,2026-09-11 16:00:00+00:00,77694.2691545946,1560317458552.39,33728328434.9175
bitcoin,2026-09-11 17:00:00+00:00,77917.1123282897,1564798146824.87,34464081900.5138
bitcoin,2026-09-11 18:00:00+00:00,77517.2510219925,1556767789790.53,34294722433.5905
bitcoin,2026-09-11 19:00:00+00:00,77036.8395489042,1547119755355.75,34873833486.7844
bitcoin,2026-09-11 20:00:00+00:00,77281.6450760448,1552039781742.64,35066311988.6957
bitcoin,2026-09-11 21:00:00+00:00,77315.1194018734,1552712043381.24,35347865608.5463
bitcoin,2026-09-11 22:00:00+00:00,77082.5966293751,1548042311095.87,35207455914.4639
bitcoin,2026-09-11 23:00:00+00:00,77128.6695373113,1548967588836.88,35903250667.2778
bitcoin,2026-09-12 00:00:00+00:00,77203.534448056,1550479277152.12,35407367571.0167
bitcoin,2026-09-12 01:00:00+00:00,77276.5284990154,1551945217334.48,34948557292.0602
bitcoin,2026-09-12 02:00:00+00:00,77263.2105772396,1551677753391.6,34468558790.6569
bitcoin,2026-09-12 03:00:00+00:00,77256.7450488901,1551547906127.57,34234432938.9814
bitcoin,2026-09-12 04:00:00+00:00,77257.5486578527,1551564045013.59,33406264883.7283
bitcoin,2026-09-12 05:00:00+00:00,77213.8332776983,1550694293306.84,33423159843.1704
bitcoin,2026-09-12 06:00:00+00:00,77204.0318294934,1550499611408.27,33750144457.9747
bitcoin,2026-09-12 07:00:00+00:00,77277.4230654074,1551973538094.07,33634562501.793
bitcoin,2026-09-12 08:00:00+00:00,77257.6161774508,1551578225774.57,33443971597.7279
bitcoin,2026-09-12 09:00:00+00:00,77342.538050849,1553283726619.36,33257574353.6095
bitcoin,2026-09-12 10:00:00+00:00,77330.8329850539,1553048651734.61,32787654114.2827
bitcoin,2026-09-12 11:00:00+00:00,77316.5197057828,1552767922179.4,32440525411.361
bitcoin,2026-09-12 12:00:00+00:00,77340.1737077147,1553242971697.55,31939487296.5907
bitcoin,2026-09-12 13:00:00+00:00,77317.1742701093,1552781067966.26,27799495036.7021
bitcoin,2026-09-12 14:00:00+00:00,77346.6734274571,1553379308272.57,25212744849.4893
bitcoin,2026-09-12 15:00:00+00:00,77445.6442619032,1555366972893.92,21759624036.945
bitcoin,2026-09-12 16:00:00+00:00,77366.9247580427,1553786022569.42,20201216810.4178
bitcoin,2026-09-12 17:00:00+00:00,77348.9291216619,1553428709632.69,18620551680.4681
bitcoin,2026-09-12 18:00:00+00:00,77193.1594924614,1550300327419.3,17974747974.2752
bitcoin,2026-09-12 19:00:00+00:00,77123.4169146139,1548900894003.46,17002946128.9045
bitcoin,2026-09-12 20:00:00+00:00,77113.6378366895,1548704496811.2,16947217294.0613
bitcoin,2026-09-12 21:00:00+00:00,77152.5191968815,1549485366953.77,16784079037.519
bitcoin,2026-09-12 22:00:00+00:00,77245.6098192668,1551354943717.92,16714650155.8753
bitcoin,2026-09-12 23:00:00+00:00,77218.5792284252,1550812077387.63,15711483093.7505
bitcoin,2026-09-13 00:00:00+00:00,77261.6272206999,1551683581240.42,15195615506.9299
bitcoin,2026-09-13 01:00:00+00:00,77258.5259202233,1551622532421.11,15194823574.9587
bitcoin,2026-09-13 02:00:00+00:00,77302.985797053,1552516911647.67,15425515886.6933
bitcoin,2026-09-13 03:00:00+00:00,77273.8682848942,1551934061036.3,15350602828.5122
bitcoin,2026-09-13 04:00:00+00:00,77177.9901319519,1550008486782.5,15282311466.7249
bitcoin,2026-09-13 05:00:00+00:00,77192.1224716296,1550292314417.83,15118279231.6123
bitcoin,2026-09-13 06:00:00+00:00,77299.3303692544,1552451459581.19,14542862441.3049
bitcoin,2026-09-13 07:00:00+00:00,77098.836176696,1548426735069.63,14742500666.6064
bitcoin,2026-09-13 08:00:00+00:00,77101.2097916644,1548474405943.25,14675726287.4655
bitcoin,2026-09-13 09:00:00+00:00,76790.9716836885,1542243689573.86,14921026323.2216
bitcoin,2026-09-13 10:00:00+00:00,76774.7450468628,1541921868394.62,15429199502.7425
bitcoin,2026-09-13 11:00:00+00:00,76639.401430004,1539203666172.59,15432761961.9927
bitcoin,2026-09-13 12:00:00+00:00,76752.8974525516,1541483087602.58,15683303707.0238
bitcoin,2026-09-13 13:00:00+00:00,76730.1141951376,1541025515222.26,15790539837.1408
bitcoin,2026-09-13 14:00:00+00:00,76827.7524483687,1542986453780.33,15351604026.0177
bitcoin,2026-09-13 15:00:00+00:00,77186.9982476575,1550201442950.46,15781636756.1927
bitcoin,2026-09-13 16:00:00+00:00,77112.0023446134,1548704191824.81,15752406316.0053
bitcoin,2026-09-13 17:00:00+00:00,77261.0135489962,1551697602572.83,16019726500.4121
bitcoin,2026-09-13 18:00:00+00:00,77304.3936497976,1552568841446.37,15964962326.3299
bitcoin,2026-09-13 19:00:00+00:00,77322.8338751386,1552939191926.36,15585976335.6647
bitcoin,2026-09-13 20:00:00+00:00,77256.8295035224,1551613570885.53,15169799376.1838
bitcoin,2026-09-13 21:00:00+00:00,77321.0076226574,1552909549980.9,14929316281.8063
bitcoin,2026-09-13 22:00:00+00:00,77263.3336825517,1551751230720.34,14787941932.5444
bitcoin,2026-09-13 23:00:00+00:00,76682.568172934,1540087178040.3,15579620760.2357
bitcoin,2026-09-14 00:00:00+00:00,76819.0449674654,1542831471374.27,16138951580.8296
bitcoin,2026-09-14 01:00:00+00:00,76766.9730732275,1541785660960.48,16743047252.6829
bitcoin,2026-09-14 02:00:00+00:00,77070.3100072829,1547880337397.2,17123571168.4285
bitcoin,2026-09-14 03:00:00+00:00,77570.5552988428,1557927265333.62,18478637019.9559
bitcoin,2026-09-14 04:00:00+00:00,77551.7533124118,1557551817630.83,19331354892.6592
bitcoin,2026-09-14 05:00:00+00:00,77644.9945825455,1559425409930.61,19658908717.2203
bitcoin,2026-09-14 06:00:00+00:00,77585.9797611972,1558240153721.01,19909347039.8448
bitcoin,2026-09-14 07:00:00+00:00,77556.332049777,1557648585626.6,20079514828.9111
bitcoin,2026-09-14 08:00:00+00:00,77852.7427910547,1563603439280.96,20418753413.9868
bitcoin,2026-09-14 09:00:00+00:00,77697.7866714004,1560491282753.87,20502581498.6258
bitcoin,2026-09-14 10:00:00+00:00,78113.217061686,1568834834486.86,21008440571.1092
bitcoin,2026-09-14 11:00:00+00:00,77879.6383293953,1564143612365.98,21400720026.3434
bitcoin,2026-09-14 12:00:00+00:00,77729.7339121834,1561132914811.69,21555273518.7318
bitcoin,2026-09-14 13:00:00+00:00,77648.7492200136,1559506408940.91,22005759633.6056
bitcoin,2026-09-14 14:00:00+00:00,78167.6087087673,1569927242581.88,23526425611.5183
bitcoin,2026-09-14 15:00:00+00:00,78476.0732301375,1576133544628.83,25011366781.767
bitcoin,2026-09-14 16:00:00+00:00,78561.7896063782,1577855094272.64,26297048833.8437
bitcoin,2026-09-14 17:00:00+00:00,78760.5761866911,1581847574841.01,27129659809.4977
bitcoin,2026-09-14 18:00:00+00:00,78928.360364425,1585217395219.36,28223239825.0474
bitcoin,2026-09-14 19:00:00+00:00,79208.6742143738,1590847290342.08,29822404101.7358
bitcoin,2026-09-14 20:00:00+00:00,78986.3684702128,1586382444866.08,30763077693.4715
bitcoin,2026-09-14 21:00:00+00:00,79095.9882523412,1588594675495.44,32139267516.6849
bitcoin,2026-09-14 22:00:00+00:00,78752.6256306856,1581700888022.08,32944939224.6481
bitcoin,2026-09-14 23:00:00+00:00,78539.7384988234,1577425173240.28,32478188091.1379
bitcoin,2026-09-15 00:00:00+00:00,78173.3515834449,1570066504182.92,32369566520.9512
bitcoin,2026-09-15 01:00:00+00:00,77947.7537569791,1565535502459.5,32135555828.3908
bitcoin,2026-09-15 02:00:00+00:00,77914.8248773113,1564874144977.19,32376715416.5737
bitcoin,2026-09-15 03:00:00+00:00,77885.5324227754,1564291664403.1,31271809397.3238
bitcoin,2026-09-15 04:00:00+00:00,77649.5335725019,1559551746438.78,30631518126.351
bitcoin,2026-09-15 05:00:00+00:00,77553.3493480045,1557619934766.6,30960816395.6494
bitcoin,2026-09-15 06:00:00+00:00,77613.7013621717,1558832074553.73,31297238855.0607
bitcoin,2026-09-15 07:00:00+00:00,77250.8817714728,1551553523532.61,31020577275.2762
bitcoin,2026-09-15 08:00:00+00:00,76901.9881817781,1544546133247.67,31431024215.5475
bitcoin,2026-09-15 09:00:00+00:00,76930.0372608373,1545109487949.24,31974513491.619
bitcoin,2026-09-15 10:00:00+00:00,76965.8107839357,1545827985065.9,31465977911.847
bitcoin,2026-09-15 11:00:00+00:00,77022.8452178934,1546973499200.37,31842941781.5688
bitcoin,2026-09-15 12:00:00+00:00,76908.5670888347,1544685189774.85,31909874484.4456
bitcoin,2026-09-15 13:00:00+00:00,76930.763432934,1545130996598.4,32007686264.7023
bitcoin,2026-09-15 14:00:00+00:00,76548.3657165525,1537453333906.58,32666690518.793
bitcoin,2026-09-15 15:00:00+00:00,75903.0106442288,1524493220745.71,34111243702.3504
bitcoin,2026-09-15 16:00:00+00:00,76487.7400126068,1536237365681.42,34958051572.5811
bitcoin,2026-09-15 17:00:00+00:00,76348.0888956293,1533434874281.51,34712942488.8446
bitcoin,2026-09-15 18:00:00+00:00,76912.7608293167,1544776188100.49,35452342086.731
bitcoin,2026-09-15 19:00:00+00:00,75965.3866326803,1525748381993.87,38608992471.1807
bitcoin,2026-09-15 20:00:00+00:00,76112.8146802753,1528709442485.36,39833428783.6755
bitcoin,2026-09-15 21:00:00+00:00,75886.4022549591,1524161997827.97,39652512141.7335
bitcoin,2026-09-15 22:00:00+00:00,75383.7054338937,1514076296012.96,39195291321.2417
bitcoin,2026-09-15 23:00:00+00:00,75645.5849091699,1519336126418.56,39561596792.919
bitcoin,2026-09-16 00:00:00+00:00,75590.2447197332,1518224622698.22,39803154169.3975
bitcoin,2026-09-16 01:00:00+00:00,75725.3432606854,1520938067166.15,39736266269.5965
bitcoin,2026-09-16 02:00:00+00:00,75446.7531888303,1515342605631.43,39490362672.2469
bitcoin,2026-09-16 03:00:00+00:00,75831.8657848703,1523077564394.78,39837736617.0509
bitcoin,2026-09-16 04:00:00+00:00,75772.4716461706,1521892214642.54,39762363875.1996
bitcoin,2026-09-16 05:00:00+00:00,75814.0800396368,1522727920390.35,39417979600.7134
bitcoin,2026-09-16 06:00:00+00:00,75915.8176573905,1524771323291.58,39363195998.6486
bitcoin,2026-09-16 07:00:00+00:00,75963.6438466105,1525735483932.46,39365731831.1374
bitcoin,2026-09-16 08:00:00+00:00,75698.6794861756,1520415017457.03,39024132890.5898
bitcoin,2026-09-16 09:00:00+00:00,75674.9662229579,1519938734359.97,38921656514.3169
bitcoin,2026-09-16 10:00:00+00:00,75930.7677186626,1525076531190.74,39000489382.7487
bitcoin,2026-09-16 11:00:00+00:00,75892.1830451338,1524307474024.81,38525352533.7029
bitcoin,2026-09-16 12:00:00+00:00,76193.4244320413,1530357958793.13,38657016381.1947
bitcoin,2026-09-16 13:00:00+00:00,75900.6340461438,1524479642645.51,38353308634.6183
bitcoin,2026-09-16 14:00:00+00:00,75608.3277616697,1518610274966.88,36866085503.307
bitcoin,2026-09-16 15:00:00+00:00,75628.2532518957,1519010482921.31,34479075031.4888
bitcoin,2026-09-16 16:00:00+00:00,75746.9155478769,1521393841835.11,33598339520.0629
bitcoin,2026-09-16 17:00:00+00:00,75714.0080135119,1520732886603.19,33081178838.6795
bitcoin,2026-09-16 18:00:00+00:00,75709.4559838443,1520641458063.11,32466388224.1946
bitcoin,2026-09-16 19:00:00+00:00,75761.2360800689,1521687609606.43,32015180580.3773
bitcoin,2026-09-16 20:00:00+00:00,76006.3523147599,1526610844185.76,31847309757.0835
bitcoin,2026-09-16 21:00:00+00:00,76117.4361019963,1528843898979.95,31760058746.9856
bitcoin,2026-09-16 22:00:00+00:00,75935.5779602189,1525193344203.49,31149026935.2241
bitcoin,2026-09-16 23:00:00+00:00,75622.8038553248,1518911844626.02,30569798392.8717
bitcoin,2026-09-17 00:00:00+00:00,76146.8123678388,1529436748434.99,30782581511.8284
bitcoin,2026-09-17 01:00:00+00:00,76290.5127355974,1532325464499.57,30999323490.1126
bitcoin,2026-09-17 02:00:00+00:00,76319.5354485855,1532908397299.02,31179721836.0818
bitcoin,2026-09-17 03:00:00+00:00,76308.6078478006,1532691277633.06,31235654783.0209
bitcoin,2026-09-17 04:00:00+00:00,76379.6941219412,1534119076087.36,31080082537.7036
bitcoin,2026-09-17 05:00:00+00:00,76474.6258364708,1536029873644.42,31024114994.1223
bitcoin,2026-09-17 06:00:00+00:00,76255.8524675906,1531636619714.38,30768594773.5993
bitcoin,2026-09-17 07:00:00+00:00,76412.8602752736,1534790199407.57,30655290633.6101
bitcoin,2026-09-17 08:00:00+00:00,76389.8082542975,1534327188132.46,30163951141.7431
bitcoin,2026-09-17 09:00:00+00:00,76501.7132252877,1536574854979.66,29579423256.3604
bitcoin,2026-09-17 10:00:00+00:00,76405.2778054738,1534637901740.73,29467132219.3021
bitcoin,2026-09-17 11:00:00+00:00,76329.3222683654,1533118021803.14,29564989127.1324
bitcoin,2026-09-17 12:00:00+00:00,76393.5317948181,1534409158282.68,29262350208.2116
bitcoin,2026-09-17 13:00:00+00:00,76679.0198226451,1540144350586.78,29944670169.8336
bitcoin,2026-09-17 14:00:00+00:00,76632.2184948499,1539204317696.81,30087737757.0848
bitcoin,2026-09-17 15:00:00+00:00,76443.5456147915,1535417996203.55,30860348142.6652
bitcoin,2026-09-17 16:00:00+00:00,76705.8650416903,1540688308762.6,30819115157.7473
bitcoin,2026-09-17 17:00:00+00:00,76686.8606201434,1540306592317.89,31096206653.7039
bitcoin,2026-09-17 18:00:00+00:00,76606.1247076407,1538688098677.01,30616687829.2811
bitcoin,2026-09-17 19:00:00+00:00,76518.2959199495,1536925678871.62,26578406414.9829
bitcoin,2026-09-17 20:00:00+00:00,76532.8248594445,1537219416519.06,25211434448.8333
bitcoin,2026-09-17 21:00:00+00:00,76496.8960770902,1536497759871.1,24533655045.2827
bitcoin,2026-09-17 22:00:00+00:00,76351.216042286,1533571666674.99,24348531764.1396
bitcoin,2026-09-17 23:00:00+00:00,76353.2776230547,1533613075077.1,24063278814.2755
bitcoin,2026-09-18 00:00:00+00:00,76371.3617203135,1533982493868.17,23628097103.0247
bitcoin,2026-09-18 01:00:00+00:00,76526.045747213,1537089451554.93,23414176764.1798
bitcoin,2026-09-18 02:00:00+00:00,76865.8545078519,1543916484961.66,23401094486.6565
cardano,2026-09-11 03:00:00+00:00,0.206863271952742,7759541130.95365,399878459.160059
cardano,2026-09-11 04:00:00+00:00,0.207920369409031,7799193366.52967,401452874.047055
cardano,2026-09-11 05:00:00+00:00,0.210084631604566,7880375885.62015,410242291.884478
cardano,2026-09-11 06:00:00+00:00,0.209688431016934,7865514210.43335,414529748.163891
cardano,2026-09-11 07:00:00+00:00,0.208536845646573,7822317687.61532,417170427.504372
cardano,2026-09-11 08:00:00+00:00,0.207759687062312,7793166094.18395,412104358.371378
cardano,2026-09-11 09:00:00+00:00,0.207592409940705,7786891448.6506,412625190.130474
cardano,2026-09-11 10:00:00+00:00,0.203841651851506,7646198703.19287,409010148.268463
cardano,2026-09-11 11:00:00+00:00,0.202605319071203,7599823264.14201,413172013.568258
cardano,2026-09-11 12:00:00+00:00,0.202326002622134,7589345969.38283,421977718.642536
cardano,2026-09-11 13:00:00+00:00,0.208886865715489,7835447109.26556,472422937.034786
cardano,2026-09-11 14:00:00+00:00,0.214229173263818,8035839642.76921,525717650.572873
cardano,2026-09-11 15:00:00+00:00,0.21142794364363,7930764168.27869,566223272.063385
cardano,2026-09-11 16:00:00+00:00,0.208288339229324,7812996092.01383,580802140.197272
cardano,2026-09-11 17:00:00+00:00,0.210025199652767,7878146564.43558,579801236.578792
cardano,2026-09-11 18:00:00+00:00,0.207067301212635,7767194366.92499,561055077.163533
cardano,2026-09-11 19:00:00+00:00,0.203716363156183,7641499063.7865,575602844.064238
cardano,2026-09-11 20:00:00+00:00,0.206095876890241,7730755771.93385,583325876.30433
cardano,2026-09-11 21:00:00+00:00,0.205779783343654,7718898950.50384,590811502.255216
cardano,2026-09-11 22:00:00+00:00,0.204490239665373,7670527544.99854,590904956.380555
cardano,2026-09-11 23:00:00+00:00,0.204719583534757,7680408460.92786,595689220.157315
cardano,2026-09-12 00:00:00+00:00,0.20624188311777,7737520156.81724,590698003.255995
cardano,2026-09-12 01:00:00+00:00,0.206340262270975,7741211020.52265,585937095.20918
cardano,2026-09-12 02:00:00+00:00,0.207628275488816,7789533059.1146,589038391.039273
cardano,2026-09-12 03:00:00+00:00,0.208750579919783,7831638246.60329,600348541.446123
cardano,2026-09-12 04:00:00+00:00,0.208953130460805,7839237279.69122,602618404.161023
cardano,2026-09-12 05:00:00+00:00,0.207755080181368,7794290355.98255,593542055.968961
cardano,2026-09-12 06:00:00+00:00,0.207723297664022,7793097979.99723,587290274.536366
cardano,2026-09-12 07:00:00+00:00,0.207852172665966,7797932948.09479,584400979.486392
cardano,2026-09-12 08:00:00+00:00,0.208988201957915,7840553047.42818,587657807.092967
cardano,2026-09-12 09:00:00+00:00,0.208879408365274,7836471468.05515,586200288.195835
cardano,2026-09-12 10:00:00+00:00,0.208629773168062,7827105972.83623,573082661.733397
cardano,2026-09-12 11:00:00+00:00,0.208403635371045,7818622023.1351,560932369.328343
cardano,2026-09-12 12:00:00+00:00,0.209226995017238,7849511781.13393,538624358.522153
cardano,2026-09-12 13:00:00+00:00,0.208616764387472,7826617925.98313,466107758.787716
cardano,2026-09-12 14:00:00+00:00,0.208327882293791,7815780015.71482,407212663.326534
cardano,2026-09-12 15:00:00+00:00,0.208383605370478,7817870563.09807,345237263.055922
cardano,2026-09-12 16:00:00+00:00,0.208563687940288,7824626671.473,314071494.146046
cardano,2026-09-12 17:00:00+00:00,0.208102863846969,7807338060.36793,297761866.936556
cardano,2026-09-12 18:00:00+00:00,0.208032740199274,7804707250.71224,285551847.739149
cardano,2026-09-12 19:00:00+00:00,0.207396100486336,7780822613.23213,257883657.863989
cardano,2026-09-12 20:00:00+00:00,0.207218959771295,7774176873.61557,251917968.772331
cardano,2026-09-12 21:00:00+00:00,0.207723979639339,7793123565.47813,240331422.156292
cardano,2026-09-12 22:00:00+00:00,0.20700803514534,7766263672.28022,235092189.448153
cardano,2026-09-12 23:00:00+00:00,0.206729623132927,7755818565.1789,228329163.495166
cardano,2026-09-13 00:00:00+00:00,0.207334333958902,7778505335.36492,224745649.023129
cardano,2026-09-13 01:00:00+00:00,0.207868729708083,7798554114.10228,224405603.16802
cardano,2026-09-13 02:00:00+00:00,0.207931705766045,7800916769.59454,224927515.439429
cardano,2026-09-13 03:00:00+00:00,0.207578644513722,7787671067.43575,217784981.564629
cardano,2026-09-13 04:00:00+00:00,0.206694536798863,7754502240.80799,212862427.924249
cardano,2026-09-13 05:00:00+00:00,0.207348873176173,7779050799.19116,210694441.731448
cardano,2026-09-13 06:00:00+00:00,0.208208765015486,7811311125.45849,207719906.724353
cardano,2026-09-13 07:00:00+00:00,0.20704206557386,7767540382.53246,204358081.753961
cardano,2026-09-13 08:00:00+00:00,0.206233667921485,7737211949.55165,202327841.892081
cardano,2026-09-13 09:00:00+00:00,0.204035229214661,7654733727.61908,206712749.419464
cardano,2026-09-13 10:00:00+00:00,0.204931791796684,7688369820.08188,203379125.766774
cardano,2026-09-13 11:00:00+00:00,0.203594939186774,7638215487.41432,206710393.768706
cardano,2026-09-13 12:00:00+00:00,0.204649285166652,7677771096.3345,208316121.399248
cardano,2026-09-13 13:00:00+00:00,0.205044393366911,7692594262.30549,210822275.212395
cardano,2026-09-13 14:00:00+00:00,0.206647373588541,7752732831.58321,207523230.092976
cardano,2026-09-13 15:00:00+00:00,0.207378612838036,7780166533.92769,212013373.793209
cardano,2026-09-13 16:00:00+00:00,0.205714270732535,7717725867.68438,208522578.195204
cardano,2026-09-13 17:00:00+00:00,0.20734603838827,7778944447.23102,208211799.950039
cardano,2026-09-13 18:00:00+00:00,0.208493401013633,7821989736.12537,210079350.232966
cardano,2026-09-13 19:00:00+00:00,0.209101902629698,7844818724.34339,211266363.627715
cardano,2026-09-13 20:00:00+00:00,0.208060117454736,7805734355.69584,207444681.901698
cardano,2026-09-13 21:00:00+00:00,0.209166233684948,7847232214.89723,210406592.08464
cardano,2026-09-13 22:00:00+00:00,0.207380565089481,7780239776.00966,206729528.049166
cardano,2026-09-13 23:00:00+00:00,0.202580825157948,7600169249.56616,217031768.483942
cardano,2026-09-14 00:00:00+00:00,0.203647247496404,7640177923.91854,233136346.894696
cardano,2026-09-14 01:00:00+00:00,0.204007265498202,7653684620.53912,242054046.954514
cardano,2026-09-14 02:00:00+00:00,0.205020043732183,7691680743.73851,243766889.943441
cardano,2026-09-14 03:00:00+00:00,0.207598029736317,7788398337.51449,255980950.735259
cardano,2026-09-14 04:00:00+00:00,0.20706122239858,7768259083.87079,257023286.784855
cardano,2026-09-14 05:00:00+00:00,0.207200374213645,7773479604.34727,259856812.07167
cardano,2026-09-14 06:00:00+00:00,0.207249915438467,7775338228.88974,260304205.304232
cardano,2026-09-14 07:00:00+00:00,0.208748571078241,7831562881.44617,271754829.379837
cardano,2026-09-14 08:00:00+00:00,0.210538945601119,7898731871.32157,284124765.609372
cardano,2026-09-14 09:00:00+00:00,0.210248154194762,7887822329.8933,296560415.30625
cardano,2026-09-14 10:00:00+00:00,0.211451159335226,7932955143.76401,307363956.283553
cardano,2026-09-14 11:00:00+00:00,0.210682359003535,7904112272.60174,302544680.507717
cardano,2026-09-14 12:00:00+00:00,0.20976941746877,7869861695.46165,307343633.130403
cardano,2026-09-14 13:00:00+00:00,0.208651649697893,7827926708.60515,327690470.451507
cardano,2026-09-14 14:00:00+00:00,0.208334893422819,7816043050.31941,331552695.51086
cardano,2026-09-14 15:00:00+00:00,0.208301529703575,7814791352.81619,350424589.242722
cardano,2026-09-14 16:00:00+00:00,0.208981456674738,7840299986.48947,356118724.496777
cardano,2026-09-14 17:00:00+00:00,0.210774817815154,7907581024.4758,367545583.616158
cardano,2026-09-14 18:00:00+00:00,0.211837385595232,7947445088.41885,377928030.363674
cardano,2026-09-14 19:00:00+00:00,0.213856552480765,8023197618.60628,401543848.28038
cardano,2026-09-14 20:00:00+00:00,0.212426436875303,7969544363.7166,420730019.957208
cardano,2026-09-14 21:00:00+00:00,0.212996262780402,7990922365.89506,436614211.819215
cardano,2026-09-14 22:00:00+00:00,0.210672066661657,7903726137.63468,445396734.726973
cardano,2026-09-14 23:00:00+00:00,0.209739160182452,7868726541.15043,416874918.776787
cardano,2026-09-15 00:00:00+00:00,0.208528553116628,7823308527.93122,419001008.134068
cardano,2026-09-15 01:00:00+00:00,0.208428899458739,7819569848.98318,402615807.819297
cardano,2026-09-15 02:00:00+00:00,0.207780977383214,7795261934.20061,410214232.527338
cardano,2026-09-15 03:00:00+00:00,0.207651418905352,7790401324.32455,391368629.66959
cardano,2026-09-15 04:00:00+00:00,0.205139760933043,7696172141.12477,402978174.921964
cardano,2026-09-15 05:00:00+00:00,0.204998526415081,7690873484.45498,408412580.099555
cardano,2026-09-15 06:00:00+00:00,0.205195921563227,7698279104.08252,416397846.966916
cardano,2026-09-15 07:00:00+00:00,0.204349795581809,7666535227.72989,407596378.195757
cardano,2026-09-15 08:00:00+00:00,0.203572179137922,7637361604.90462,396689182.837503
cardano,2026-09-15 09:00:00+00:00,0.204716673812468,7680299297.67486,393151701.42102
cardano,2026-09-15 10:00:00+00:00,0.204960275585181,7689438438.56184,381818081.524919
cardano,2026-09-15 11:00:00+00:00,0.205305232908976,7702380107.85691,371584667.608118
cardano,2026-09-15 12:00:00+00:00,0.204548923446815,7674005853.22055,374258670.442068
cardano,2026-09-15 13:00:00+00:00,0.205400224324675,7705943874.74357,369202547.120001
cardano,2026-09-15 14:00:00+00:00,0.205147372035083,7696457684.75229,367171206.770342
cardano,2026-09-15 15:00:00+00:00,0.200435922062448,7519699508.47881,380079116.323772
cardano,2026-09-15 16:00:00+00:00,0.201926677628234,7575627776.12644,382484261.655913
cardano,2026-09-15 17:00:00+00:00,0.201854950315167,7572936802.19686,368299512.038798
cardano,2026-09-15 18:00:00+00:00,0.203190616716209,7623046632.19173,378541764.959455
cardano,2026-09-15 19:00:00+00:00,0.198484597919368,7446492215.85076,410916986.510281
cardano,2026-09-15 20:00:00+00:00,0.1979775410592,7427469102.71345,442179349.34122
cardano,2026-09-15 21:00:00+00:00,0.196729040205664,7380629438.65488,433201516.855233
cardano,2026-09-15 22:00:00+00:00,0.194045502154572,7279951877.68609,442215716.797724
cardano,2026-09-15 23:00:00+00:00,0.19521551114544,7323846784.06324,449777200.875852
cardano,2026-09-16 00:00:00+00:00,0.195354176182371,7329049042.21797,455194128.469007
cardano,2026-09-16 01:00:00+00:00,0.194172907744842,7284731718.26891,457562213.712002
cardano,2026-09-16 02:00:00+00:00,0.192350361671764,7216355757.16933,461851690.199393
cardano,2026-09-16 03:00:00+00:00,0.19427617771122,7288606069.27059,470267697.016205
cardano,2026-09-16 04:00:00+00:00,0.194752061369771,7306459665.95363,465268151.097865
cardano,2026-09-16 05:00:00+00:00,0.195659097444786,7340488689.58016,469631251.473976
cardano,2026-09-16 06:00:00+00:00,0.195613885778062,7338792495.8812,468325889.53796
cardano,2026-09-16 07:00:00+00:00,0.195759128670105,7344241533.62191,466066569.636681
cardano,2026-09-16 08:00:00+00:00,0.193972522134452,7277213906.28965,458399471.53871
cardano,2026-09-16 09:00:00+00:00,0.193161604079332,7246790916.05041,460231851.062457
cardano,2026-09-16 10:00:00+00:00,0.194424569844722,7294173256.23924,465638925.157613
cardano,2026-09-16 11:00:00+00:00,0.194227195548074,7286768418.89163,465026300.960072
cardano,2026-09-16 12:00:00+00:00,0.194725806093184,7305474653.94375,469596182.108799
cardano,2026-09-16 13:00:00+00:00,0.192863398305199,7235603211.82002,467162161.528825
cardano,2026-09-16 14:00:00+00:00,0.192256147919121,7212821165.65423,469228873.953943
cardano,2026-09-16 15:00:00+00:00,0.191032641696377,7166919218.30309,449859511.130124
cardano,2026-09-16 16:00:00+00:00,0.191195370466819,7173024268.94727,448405922.997233
cardano,2026-09-16 17:00:00+00:00,0.192325795349981,7215434109.21353,453490649.495799
cardano,2026-09-16 18:00:00+00:00,0.192845261041995,7234922761.09147,458079528.300118
cardano,2026-09-16 19:00:00+00:00,0.19298672368477,7240229976.25729,438064983.061662
cardano,2026-09-16 20:00:00+00:00,0.194304721017599,7289676920.66659,432386996.11099
cardano,2026-09-16 21:00:00+00:00,0.195433384755126,7332020688.51511,432967123.260748
cardano,2026-09-16 22:00:00+00:00,0.194784738201579,7307685593.68934,420226069.390518
cardano,2026-09-16 23:00:00+00:00,0.192720774072303,7231446828.10272,408110201.721337
cardano,2026-09-17 00:00:00+00:00,0.196164554997818,7360667555.70914,421656614.790692
cardano,2026-09-17 01:00:00+00:00,0.195640425806152,7341000696.23938,419944991.647914
cardano,2026-09-17 02:00:00+00:00,0.196136645562472,7359620312.10671,420095141.456037
cardano,2026-09-17 03:00:00+00:00,0.195221576105835,7325284231.05085,420746861.121715
cardano,2026-09-17 04:00:00+00:00,0.19590509872947,7350931998.04648,418222091.871478
cardano,2026-09-17 05:00:00+00:00,0.196400641831237,7369526223.85692,414713172.292908
cardano,2026-09-17 06:00:00+00:00,0.196035595891258,7355828633.04202,411952943.261254
cardano,2026-09-17 07:00:00+00:00,0.197673430340158,7417284969.4825,420576635.373175
cardano,2026-09-17 08:00:00+00:00,0.198534105520305,7449580018.27245,426609444.115744
cardano,2026-09-17 09:00:00+00:00,0.19971759056612,7493987836.89946,432976279.879561
cardano,2026-09-17 10:00:00+00:00,0.198422382364633,7445387838.86884,434180566.579413
cardano,2026-09-17 11:00:00+00:00,0.198021745279587,7430354764.24663,437321269.626084
cardano,2026-09-17 12:00:00+00:00,0.198331572730878,7441980395.94454,436334760.306402
cardano,2026-09-17 13:00:00+00:00,0.200717153641128,7531494365.51865,444780344.146669
cardano,2026-09-17 14:00:00+00:00,0.20063648216179,7528467335.78519,438731023.988851
cardano,2026-09-17 15:00:00+00:00,0.201651599063649,7566557489.45666,445643643.660192
cardano,2026-09-17 16:00:00+00:00,0.202150646413206,7585283204.88821,443646139.283923
cardano,2026-09-17 17:00:00+00:00,0.202236815363186,7588516515.79108,442746726.376419
cardano,2026-09-17 18:00:00+00:00,0.202853578969618,7611659289.3031,433099430.898678
cardano,2026-09-17 19:00:00+00:00,0.201233976526301,7550887071.01016,393126822.48796
cardano,2026-09-17 20:00:00+00:00,0.201584434920082,7564037294.44758,377551912.470395
cardano,2026-09-17 21:00:00+00:00,0.202146088071335,7585112162.57573,365370823.36013
cardano,2026-09-17 22:00:00+00:00,0.20045369667501,7521608689.98033,364397546.10554
cardano,2026-09-17 23:00:00+00:00,0.200911915854359,7538802413.11177,370577478.544633
cardano,2026-09-18 00:00:00+00:00,0.202505115086881,7598583905.75064,366832307.350095
cardano,2026-09-18 01:00:00+00:00,0.20458654716951,7676685322.18739,372178240.770283
cardano,2026-09-18 02:00:00+00:00,0.215069034122815,8070018876.36184,456407888.118806
ethereum,2026-09-11 03:00:00+00:00,2446.379326103,298545263171.971,15279336814.8121
ethereum,2026-09-11 04:00:00+00:00,2446.34096088592,298540581251.343,15445208415.0055
ethereum,2026-09-11 05:00:00+00:00,2458.44507091477,300017713058.12,15799222359.5259
ethereum,2026-09-11 06:00:00+00:00,2467.60687279466,301135778651.699,15837381034.889
ethereum,2026-09-11 07:00:00+00:00,2466.09110011559,300950800488.847,15994106836.6073
ethereum,2026-09-11 08:00:00+00:00,2466.46078659742,301003116253.181,16006046256.6484
ethereum,2026-09-11 09:00:00+00:00,2475.93510922938,302159348151.173,16252750436.6682
ethereum,2026-09-11 10:00:00+00:00,2468.97539474518,301309995200.03,16243648116.167
ethereum,2026-09-11 11:00:00+00:00,2461.50336645752,300398120252.923,16147637035.6156
ethereum,2026-09-11 12:00:00+00:00,2457.05525538563,299855279555.291,15960136229.6783
ethereum,2026-09-11 13:00:00+00:00,2509.09561640831,306206205920.666,17219513122.512
ethereum,2026-09-11 14:00:00+00:00,2626.55856614405,320541205328.269,19238634896.3045
ethereum,2026-09-11 15:00:00+00:00,2606.7364282262,318122141819.741,21979350029.8955
ethereum,2026-09-11 16:00:00+00:00,2559.44764225511,312351090433.693,22577487945.5198
ethereum,2026-09-11 17:00:00+00:00,2578.31918235599,314654144433.062,23843234932.3303
ethereum,2026-09-11 18:00:00+00:00,2566.49907661324,313211636738.497,23728312142.5735
ethereum,2026-09-11 19:00:00+00:00,2536.20169593628,309514190564.761,24088145190.8366
ethereum,2026-09-11 20:00:00+00:00,2538.42597332476,309785637988.123,24121601897.5748
ethereum,2026-09-11 21:00:00+00:00,2529.75673176561,308727656957.556,24444790442.7943
ethereum,2026-09-11 22:00:00+00:00,2513.34844698964,306725214884.78,24532701422.9002
ethereum,2026-09-11 23:00:00+00:00,2510.82575685818,306417349624.956,24926545292.411
ethereum,2026-09-12 00:00:00+00:00,2514.84681924588,306908073951.863,24774688367.6377
ethereum,2026-09-12 01:00:00+00:00,2510.33083244092,306356949803.189,24840930510.1883
ethereum,2026-09-12 02:00:00+00:00,2513.59291549974,306755049449.255,24680580231.6868
ethereum,2026-09-12 03:00:00+00:00,2513.54491461319,306756472735.59,24536818411.2101
ethereum,2026-09-12 04:00:00+00:00,2512.92401100185,306680696806.299,24211466031.5298
ethereum,2026-09-12 05:00:00+00:00,2512.30996568051,306605757872.134,23972024473.2265
ethereum,2026-09-12 06:00:00+00:00,2511.44258164033,306499901132.863,23894810574.356
ethereum,2026-09-12 07:00:00+00:00,2519.01936062165,307424581643.442,23919972060.8182
ethereum,2026-09-12 08:00:00+00:00,2523.09920587329,307922491560.0,23889598575.5138
ethereum,2026-09-12 09:00:00+00:00,2532.92945358906,309122188489.176,23872979232.1687
ethereum,2026-09-12 10:00:00+00:00,2530.27995397335,308798839918.039,23874448663.6804
ethereum,2026-09-12 11:00:00+00:00,2532.84186540373,309111499106.77,23785368833.5545
ethereum,2026-09-12 12:00:00+00:00,2535.47101769761,309432364462.812,23617300028.4367
ethereum,2026-09-12 13:00:00+00:00,2534.78037517751,309348077501.336,20431498178.8108
ethereum,2026-09-12 14:00:00+00:00,2543.69028931764,310435455657.228,17782926309.5859
ethereum,2026-09-12 15:00:00+00:00,2539.53085613715,309927832720.551,13611985772.8817
ethereum,2026-09-12 16:00:00+00:00,2534.49923609547,309313766901.731,12237181684.7005
ethereum,2026-09-12 17:00:00+00:00,2531.15336968718,308905432771.044,10625497557.256
ethereum,2026-09-12 18:00:00+00:00,2525.2455250357,308184431297.697,10468205007.3727
ethereum,2026-09-12 19:00:00+00:00,2521.87866582398,307773535176.454,9754046971.75441
ethereum,2026-09-12 20:00:00+00:00,2519.00572655209,307422917722.872,9493179151.7195
ethereum,2026-09-12 21:00:00+00:00,2520.07249149155,307553107180.861,9143459025.30704
ethereum,2026-09-12 22:00:00+00:00,2523.28501419981,307945167863.303,8872387757.46239
ethereum,2026-09-12 23:00:00+00:00,2522.34732417453,307830730885.073,8311034084.95565
ethereum,2026-09-13 00:00:00+00:00,2525.26726159024,308187084056.66,7645722055.29877
ethereum,2026-09-13 01:00:00+00:00,2524.45234025382,308087629937.793,7846595469.97055
ethereum,2026-09-13 02:00:00+00:00,2525.01315545659,308156072595.196,7847627973.33199
ethereum,2026-09-13 03:00:00+00:00,2521.0562923103,307673171583.642,7832581790.82238
ethereum,2026-09-13 04:00:00+00:00,2520.23463931135,307580277352.077,7778497249.47952
ethereum,2026-09-13 05:00:00+00:00,2519.56833572996,307498958796.587,7751012034.16626
ethereum,2026-09-13 06:00:00+00:00,2521.87865635413,307780920264.488,7612895176.8197
ethereum,2026-09-13 07:00:00+00:00,2512.20684519917,306600530823.307,7541231576.47009
ethereum,2026-09-13 08:00:00+00:00,2517.04739092713,307191291847.824,7535266932.83955
ethereum,2026-09-13 09:00:00+00:00,2493.82474645131,304357100412.905,7872646118.13771
ethereum,2026-09-13 10:00:00+00:00,2484.33993351846,303199533039.212,8214131750.6212
ethereum,2026-09-13 11:00:00+00:00,2471.35750506982,301615101621.34,8357217556.1306
ethereum,2026-09-13 12:00:00+00:00,2479.98119030265,302667573265.977,8636678437.89927
ethereum,2026-09-13 13:00:00+00:00,2476.91436881003,302293285177.649,8658065728.25417
ethereum,2026-09-13 14:00:00+00:00,2478.444108566,302479981198.359,8652030232.39025
ethereum,2026-09-13 15:00:00+00:00,2491.97754038562,304131659438.026,8684633975.33955
ethereum,2026-09-13 16:00:00+00:00,2490.43188373271,303943020850.739,8675407663.08949
ethereum,2026-09-13 17:00:00+00:00,2504.23717989888,305627878584.81,8947407749.25228
ethereum,2026-09-13 18:00:00+00:00,2504.19394698121,305622602253.551,9060462617.62081
ethereum,2026-09-13 19:00:00+00:00,2508.73917113749,306177320962.996,8901312358.1713
ethereum,2026-09-13 20:00:00+00:00,2505.45329588685,305776298611.674,8967757378.63587
ethereum,2026-09-13 21:00:00+00:00,2512.20748914026,306600609412.648,8862586239.9755
ethereum,2026-09-13 22:00:00+00:00,2506.33550689225,305883967438.018,8872955760.98591
ethereum,2026-09-13 23:00:00+00:00,2474.60318750997,302011218669.159,9290804440.87605
ethereum,2026-09-14 00:00:00+00:00,2476.68252616366,302264990103.705,9592266575.14332
ethereum,2026-09-14 01:00:00+00:00,2483.29012889846,303071410367.161,9991426506.07064
ethereum,2026-09-14 02:00:00+00:00,2491.92029374589,304124672811.84,10127795674.4359
ethereum,2026-09-14 03:00:00+00:00,2510.28550471103,306373426233.019,10590905780.1807
ethereum,2026-09-14 04:00:00+00:00,2511.68914587542,306544736767.988,10847349290.0545
ethereum,2026-09-14 05:00:00+00:00,2514.00667062701,306827584275.648,11006685266.0026
ethereum,2026-09-14 06:00:00+00:00,2515.63545281677,307026372652.161,11019698185.4327
ethereum,2026-09-14 07:00:00+00:00,2513.52762754394,306769118387.845,11366893182.0005
ethereum,2026-09-14 08:00:00+00:00,2521.97468906474,307800058962.083,11487061286.6765
ethereum,2026-09-14 09:00:00+00:00,2517.33698124475,307234039506.522,11400642181.6924
ethereum,2026-09-14 10:00:00+00:00,2523.20656913774,307950406529.308,11414142517.3735
ethereum,2026-09-14 11:00:00+00:00,2512.6282228398,306659348522.919,11307567521.0913
ethereum,2026-09-14 12:00:00+00:00,2507.48531341519,306031670604.106,11109455787.1396
ethereum,2026-09-14 13:00:00+00:00,2503.96026422353,305601448067.083,11333615990.0623
ethereum,2026-09-14 14:00:00+00:00,2500.54761633441,305184943799.2,11788254207.4008
ethereum,2026-09-14 15:00:00+00:00,2500.4196557215,305169326559.119,12401954631.0651
ethereum,2026-09-14 16:00:00+00:00,2507.9405981006,306087236844.965,12690678902.2795
ethereum,2026-09-14 17:00:00+00:00,2528.8441524251,308638458029.498,13068376385.6001
ethereum,2026-09-14 18:00:00+00:00,2532.65451602629,309103502403.734,13235375169.2902
ethereum,2026-09-14 19:00:00+00:00,2538.47711436417,309814134480.845,13860028264.1956
ethereum,2026-09-14 20:00:00+00:00,2540.23155234125,310028258799.829,14214192353.3977
ethereum,2026-09-14 21:00:00+00:00,2569.903705435,313649663293.454,16029894357.5599
ethereum,2026-09-14 22:00:00+00:00,2547.04321496541,310859603446.719,16628986498.5327
ethereum,2026-09-14 23:00:00+00:00,2532.26932313938,309056490673.672,16351156358.3478
ethereum,2026-09-15 00:00:00+00:00,2514.75955046777,306919471184.895,16123922989.756
ethereum,2026-09-15 01:00:00+00:00,2515.38640390812,306995976919.364,16141515174.9267
ethereum,2026-09-15 02:00:00+00:00,2515.26179147002,306980768314.79,16443044472.6313
ethereum,2026-09-15 03:00:00+00:00,2511.63602517455,306545580833.149,16001708225.6304
ethereum,2026-09-15 04:00:00+00:00,2497.59267024604,304831587105.451,16001494798.15
ethereum,2026-09-15 05:00:00+00:00,2490.43942212916,303958532022.29,16166101067.9999
ethereum,2026-09-15 06:00:00+00:00,2496.18394224754,304659651626.661,16435105113.735
ethereum,2026-09-15 07:00:00+00:00,2484.71708074612,303260119336.132,16238539144.6869
ethereum,2026-09-15 08:00:00+00:00,2472.9226869577,301820611677.297,16357748901.4328
ethereum,2026-09-15 09:00:00+00:00,2475.03360108574,302078249086.134,16339827966.7502
ethereum,2026-09-15 10:00:00+00:00,2474.52985159252,302016766379.467,16071049616.2973
ethereum,2026-09-15 11:00:00+00:00,2482.82351825293,303029009729.287,16219768637.4507
ethereum,2026-09-15 12:00:00+00:00,2475.45912105276,302130183866.549,16096500772.9134
ethereum,2026-09-15 13:00:00+00:00,2479.21964789863,302589156772.913,16349391749.9233
ethereum,2026-09-15 14:00:00+00:00,2451.88869244847,299253409264.43,16592806335.9136
ethereum,2026-09-15 15:00:00+00:00,2407.43608558247,293827961446.871,17291210676.3085
ethereum,2026-09-15 16:00:00+00:00,2423.70230368501,295813255982.474,17902678894.0723
ethereum,2026-09-15 17:00:00+00:00,2420.52272746319,295425188193.211,1.00125219224176e+19
ethereum,2026-09-15 18:00:00+00:00,2439.57202612113,297750158158.219,1.26563946328673e+19
ethereum,2026-09-15 19:00:00+00:00,2401.56176882901,293111000142.312,19706663474.3934
ethereum,2026-09-15 20:00:00+00:00,2414.14024753193,294646205491.071,20617307582.3427
ethereum,2026-09-15 21:00:00+00:00,2406.41161791596,293702925003.403,19795028828.4281
ethereum,2026-09-15 22:00:00+00:00,2389.13833734051,291594718331.01,19329671408.7611
ethereum,2026-09-15 23:00:00+00:00,2396.35666148578,292475715953.903,19435085908.8924
ethereum,2026-09-16 00:00:00+00:00,2397.49726016501,292614926206.153,19487916667.8732
ethereum,2026-09-16 01:00:00+00:00,2398.11860448353,292690761380.163,19286975845.6985
ethereum,2026-09-16 02:00:00+00:00,2389.5585427056,291646004463.402,19100452428.5658
ethereum,2026-09-16 03:00:00+00:00,2401.1950105497,293073253200.848,19207453288.0815
ethereum,2026-09-16 04:00:00+00:00,2400.59096056998,292999527038.718,19039353688.5637
ethereum,2026-09-16 05:00:00+00:00,2402.64973663898,293250807004.529,18992753927.0766
ethereum,2026-09-16 06:00:00+00:00,2405.80662512852,293636114976.416,18859292895.4916
ethereum,2026-09-16 07:00:00+00:00,2403.83892347493,293395950923.762,18733532937.8834
ethereum,2026-09-16 08:00:00+00:00,2395.0779737012,292326649996.5,18737545952.4898
ethereum,2026-09-16 09:00:00+00:00,2401.23227583188,293077801543.417,19082695314.7683
ethereum,2026-09-16 10:00:00+00:00,2404.18402744323,293438071926.945,19142971891.4739
ethereum,2026-09-16 11:00:00+00:00,2403.2892202965,293328857956.265,19023721428.2982
ethereum,2026-09-16 12:00:00+00:00,2420.66333966555,295449422784.451,19327481067.0117
ethereum,2026-09-16 13:00:00+00:00,2404.5249194586,293479678848.289,19151704111.9744
ethereum,2026-09-16 14:00:00+00:00,2392.94620057466,292066460514.791,18328027722.5063
ethereum,2026-09-16 15:00:00+00:00,2387.92624228168,291453759130.108,17040922192.6596
ethereum,2026-09-16 16:00:00+00:00,2391.37775420419,291875026800.226,16599414750.3909
ethereum,2026-09-16 17:00:00+00:00,2390.35724972665,291750471082.832,16421672522.9029
ethereum,2026-09-16 18:00:00+00:00,2388.23900982894,291491933373.419,16221905943.5499
ethereum,2026-09-16 19:00:00+00:00,2402.8911976502,293280278065.3,16309225433.8181
ethereum,2026-09-16 20:00:00+00:00,2406.25749841826,293691145451.336,16227094109.065
ethereum,2026-09-16 21:00:00+00:00,2409.12881029018,294041597916.696,16099445444.8438
ethereum,2026-09-16 22:00:00+00:00,2403.91390792109,293405103006.571,15797961450.3986
ethereum,2026-09-16 23:00:00+00:00,2390.6133928734,291781734143.506,15543548698.4066
ethereum,2026-09-17 00:00:00+00:00,2415.9596535243,294875323390.859,15793566275.4428
ethereum,2026-09-17 01:00:00+00:00,2417.6427458682,295080749999.901,15878190124.4617
ethereum,2026-09-17 02:00:00+00:00,2426.07682373256,296110155202.976,16248345240.9152
ethereum,2026-09-17 03:00:00+00:00,2427.21551050539,296249135433.829,16242255705.7153
ethereum,2026-09-17 04:00:00+00:00,2433.94474001468,297077582566.739,16294384661.196
ethereum,2026-09-17 05:00:00+00:00,2440.45625561753,297872352177.707,16319328954.6215
ethereum,2026-09-17 06:00:00+00:00,2434.58340393876,297155535336.791,16203571425.8748
ethereum,2026-09-17 07:00:00+00:00,2439.28687764156,297729622568.239,16198234109.0304
ethereum,2026-09-17 08:00:00+00:00,2442.37527912094,298106580528.873,15808991580.6679
ethereum,2026-09-17 09:00:00+00:00,2443.24856322461,298213170101.819,15424369399.5349
ethereum,2026-09-17 10:00:00+00:00,2436.88469239293,297436421422.459,15402670155.4297
ethereum,2026-09-17 11:00:00+00:00,2433.30361568247,296999329489.088,15364248281.3842
ethereum,2026-09-17 12:00:00+00:00,2439.28621443444,297729541619.825,15112912344.7188
ethereum,2026-09-17 13:00:00+00:00,2458.51395578375,300076403002.65,15784394808.2367
ethereum,2026-09-17 14:00:00+00:00,2460.44725013529,300312373196.592,15797271172.7316
ethereum,2026-09-17 15:00:00+00:00,2460.09637134809,300269546331.972,16152852262.2738
ethereum,2026-09-17 16:00:00+00:00,2468.22677632195,301261911119.558,16364791878.5325
ethereum,2026-09-17 17:00:00+00:00,2468.04225039923,301239388621.762,16513051883.1524
ethereum,2026-09-17 18:00:00+00:00,2460.45711017247,300313576673.385,15891994909.4371
ethereum,2026-09-17 19:00:00+00:00,2450.27516700362,299070809320.164,13495713286.1598
ethereum,2026-09-17 20:00:00+00:00,2447.63433478294,298748479877.27,12704248273.1174
ethereum,2026-09-17 21:00:00+00:00,2451.83858890728,299261634359.055,12352404015.3869
ethereum,2026-09-17 22:00:00+00:00,2444.89651468075,298414312480.579,12204671867.5552
ethereum,2026-09-17 23:00:00+00:00,2443.64157448474,298261139487.96,12163669184.9384
ethereum,2026-09-18 00:00:00+00:00,2446.14325222787,298566484290.606,11943767083.3501
ethereum,2026-09-18 01:00:00+00:00,2446.37906831051,298595267060.653,11850953038.0164
ethereum,2026-09-18 02:00:00+00:00,2460.08811860872,300275725410.383,11906655278.8991
ripple,2026-09-11 03:00:00+00:00,1.34204820534749,84386930731.5188,2167900216.23137
ripple,2026-09-11 04:00:00+00:00,1.34264329192773,84424349305.476,2164349828.14902
ripple,2026-09-11 05:00:00+00:00,1.34810321527766,84767664971.5556,2171059716.27945
ripple,2026-09-11 06:00:00+00:00,1.34888955193353,84817109199.1518,2170066174.32634
ripple,2026-09-11 07:00:00+00:00,1.35273626032385,85058987183.2551,2187335472.95331
ripple,2026-09-11 08:00:00+00:00,1.3510715955833,84954314379.7058,2170248576.6357
ripple,2026-09-11 09:00:00+00:00,1.35307810669216,85080482212.7836,2134995697.22181
ripple,2026-09-11 10:00:00+00:00,1.34116074502746,84331127927.8229,2114497175.36233
ripple,2026-09-11 11:00:00+00:00,1.33260704195737,83793277837.4924,2088875272.6616
ripple,2026-09-11 12:00:00+00:00,1.32826995901336,83520565488.9236,2102692587.87963
ripple,2026-09-11 13:00:00+00:00,1.36560557300244,85868199395.7841,2255518449.50242
ripple,2026-09-11 14:00:00+00:00,1.41416985716628,88921883210.8886,2460765649.80237
ripple,2026-09-11 15:00:00+00:00,1.3941928866234,87665747087.9759,2678206145.3025
ripple,2026-09-11 16:00:00+00:00,1.37434263021089,86417578649.4574,2753138755.35341
ripple,2026-09-11 17:00:00+00:00,1.37692833723263,86580165863.8851,2755925836.485
ripple,2026-09-11 18:00:00+00:00,1.3676880752842,85999145493.7702,2705021869.43899
ripple,2026-09-11 19:00:00+00:00,1.35199431143914,85012334023.6357,2736150074.69495
ripple,2026-09-11 20:00:00+00:00,1.3614925713277,85609577100.3689,2761389503.07346
ripple,2026-09-11 21:00:00+00:00,1.36205592451368,85645000303.5694,2803128464.83227
ripple,2026-09-11 22:00:00+00:00,1.35273278722937,85058768797.8181,2797858044.33507
ripple,2026-09-11 23:00:00+00:00,1.34946382476799,84853219021.2209,2823694571.43758
ripple,2026-09-12 00:00:00+00:00,1.3557713966363,85249834156.366,2777899179.47662
ripple,2026-09-12 01:00:00+00:00,1.35683405044074,85316652987.9319,2744253523.61211
ripple,2026-09-12 02:00:00+00:00,1.36081526995432,85566988925.1813,2728057325.81087
ripple,2026-09-12 03:00:00+00:00,1.36317908978293,85715624048.2298,2715514498.81839
ripple,2026-09-12 04:00:00+00:00,1.36390386662038,85761197443.0851,2706732905.51345
ripple,2026-09-12 05:00:00+00:00,1.36313929803569,85713121974.6046,2685562945.86219
ripple,2026-09-12 06:00:00+00:00,1.36378442527192,85753687065.4709,2660120127.58518
ripple,2026-09-12 07:00:00+00:00,1.36290849026559,85698608964.3938,2652493737.84994
ripple,2026-09-12 08:00:00+00:00,1.36912441305066,86089461277.6014,2633489309.48465
ripple,2026-09-12 09:00:00+00:00,1.36660609468807,85931111408.8134,2623264093.71313
ripple,2026-09-12 10:00:00+00:00,1.36952013949952,86114344244.0218,2599925448.37198
ripple,2026-09-12 11:00:00+00:00,1.37331426542856,86352915884.5075,2585857340.64834
ripple,2026-09-12 12:00:00+00:00,1.37210383353434,86276804883.4234,2480971507.78567
ripple,2026-09-12 13:00:00+00:00,1.37004103628904,86147097822.5597,2185798748.1146
ripple,2026-09-12 14:00:00+00:00,1.36780948305744,86006779518.6208,1926459293.56437
ripple,2026-09-12 15:00:00+00:00,1.36979913796249,86131887446.9227,1610119603.25582
ripple,2026-09-12 16:00:00+00:00,1.37254560921321,86304583389.0409,1442036732.24503
ripple,2026-09-12 17:00:00+00:00,1.36967866620454,86124312277.974,1353582079.09482
ripple,2026-09-12 18:00:00+00:00,1.36643919572708,85920616934.0219,1304234850.41154
ripple,2026-09-12 19:00:00+00:00,1.36337043189529,85727655489.0656,1203420319.06527
ripple,2026-09-12 20:00:00+00:00,1.36264465907346,85682019467.4991,1152045149.21529
ripple,2026-09-12 21:00:00+00:00,1.36426468176568,85783885214.3232,1093058445.55831
ripple,2026-09-12 22:00:00+00:00,1.36276241522508,85689423881.2677,1059684857.84731
ripple,2026-09-12 23:00:00+00:00,1.36316778121088,85714912974.1547,1008653197.87463
ripple,2026-09-13 00:00:00+00:00,1.366232307627,85907607973.7614,991369818.376003
ripple,2026-09-13 01:00:00+00:00,1.3672493136466,85971556508.686,985472315.443034
ripple,2026-09-13 02:00:00+00:00,1.36772235055741,86001300695.8672,982725715.086088
ripple,2026-09-13 03:00:00+00:00,1.36782763456897,86007920871.3233,973678965.180412
ripple,2026-09-13 04:00:00+00:00,1.36335711057069,85726817854.7004,963861782.33457
ripple,2026-09-13 05:00:00+00:00,1.36393883650585,85763396321.852,948076104.613058
ripple,2026-09-13 06:00:00+00:00,1.36776301820566,86003857845.455,938411867.117071
ripple,2026-09-13 07:00:00+00:00,1.36048604170593,85546287313.0628,911043091.386199
ripple,2026-09-13 08:00:00+00:00,1.35756444877212,85362579857.8844,908697119.933433
ripple,2026-09-13 09:00:00+00:00,1.34785058025195,84751779480.7589,913016739.151199
ripple,2026-09-13 10:00:00+00:00,1.34420637160497,84522634520.5121,939712721.015738
ripple,2026-09-13 11:00:00+00:00,1.34011358716005,84265283468.5331,925824266.028057
ripple,2026-09-13 12:00:00+00:00,1.34281243381495,84434984813.6965,930687809.125877
ripple,2026-09-13 13:00:00+00:00,1.34003925915988,84260609782.6128,939101850.883336
ripple,2026-09-13 14:00:00+00:00,1.34181738095677,84372416676.2161,932808624.447565
ripple,2026-09-13 15:00:00+00:00,1.35033619662093,84908073074.0278,965457783.325043
ripple,2026-09-13 16:00:00+00:00,1.34335880301979,84469340077.583,936928208.253087
ripple,2026-09-13 17:00:00+00:00,1.35084109403023,84939820624.1794,943243796.225696
ripple,2026-09-13 18:00:00+00:00,1.35526401575092,85217930447.2006,940205332.307259
ripple,2026-09-13 19:00:00+00:00,1.3580890886631,85395568799.6844,936126084.868196
ripple,2026-09-13 20:00:00+00:00,1.35474719222185,85185432992.0613,940771393.246139
ripple,2026-09-13 21:00:00+00:00,1.36080143890101,85566119239.4776,957627303.351556
ripple,2026-09-13 22:00:00+00:00,1.35572773607582,85247088814.8214,979595081.633291
ripple,2026-09-13 23:00:00+00:00,1.3369859122106,84068617739.0468,1048157524.5436
ripple,2026-09-14 00:00:00+00:00,1.34158771947869,84357975743.9418,1098768626.65303
ripple,2026-09-14 01:00:00+00:00,1.34653636720781,84669142802.9702,1153055352.91126
ripple,2026-09-14 02:00:00+00:00,1.35036310006611,84909764741.4032,1190970659.44789
ripple,2026-09-14 03:00:00+00:00,1.36982798419135,86133701275.0007,1282347386.1822
ripple,2026-09-14 04:00:00+00:00,1.3719933943098,86269860552.2474,1350243016.19515
ripple,2026-09-14 05:00:00+00:00,1.3765759043656,86558005163.6818,1430494551.22331
ripple,2026-09-14 06:00:00+00:00,1.37978555305361,86759825337.0764,1481579080.04416
ripple,2026-09-14 07:00:00+00:00,1.38588346941397,87143257499.541,1572127304.48581
ripple,2026-09-14 08:00:00+00:00,1.38999102946745,87401537630.1115,1631992030.97764
ripple,2026-09-14 09:00:00+00:00,1.38473985901143,87071348181.0544,1689325343.61441
ripple,2026-09-14 10:00:00+00:00,1.40238173100328,88180655152.1593,1816752196.30443
ripple,2026-09-14 11:00:00+00:00,1.39674405285154,87826162404.5945,1907774901.0459
ripple,2026-09-14 12:00:00+00:00,1.397649222323,87883078745.7394,2000897776.54353
ripple,2026-09-14 13:00:00+00:00,1.39422211642062,87667585034.5292,2072619392.51465
ripple,2026-09-14 14:00:00+00:00,1.39447239218792,87683322177.0212,2207349950.19647
ripple,2026-09-14 15:00:00+00:00,1.39896134002684,87965583670.1857,2304570596.56537
ripple,2026-09-14 16:00:00+00:00,1.40309844087209,88225721302.4008,2440418049.573
ripple,2026-09-14 17:00:00+00:00,1.41880045620147,89213051619.3495,2601794905.10608
ripple,2026-09-14 18:00:00+00:00,1.43445055270011,90197117321.2443,2793842380.3373
ripple,2026-09-14 19:00:00+00:00,1.47735007504312,92894605389.0723,3478748619.87556
ripple,2026-09-14 20:00:00+00:00,1.46350465707688,92024016447.326,3767718718.55182
ripple,2026-09-14 21:00:00+00:00,1.46313406999028,92000714224.1403,4114397107.33133
ripple,2026-09-14 22:00:00+00:00,1.4429729044511,90732996065.4016,4274455417.75794
ripple,2026-09-14 23:00:00+00:00,1.43537072642793,90254977118.1732,4259232237.14455
ripple,2026-09-15 00:00:00+00:00,1.42317848350363,89488338516.8062,4299658994.01574
ripple,2026-09-15 01:00:00+00:00,1.41929736034061,89244296558.9891,4001299660.81928
ripple,2026-09-15 02:00:00+00:00,1.42232482846234,89434661362.3262,4337303550.23164
ripple,2026-09-15 03:00:00+00:00,1.42325989854345,89493457830.1802,4312878137.98363
ripple,2026-09-15 04:00:00+00:00,1.41520689080373,88987091066.5988,3974906452.39179
ripple,2026-09-15 05:00:00+00:00,1.4135873560467,88885256000.7535,4199921035.82272
ripple,2026-09-15 06:00:00+00:00,1.40847443668886,88563759671.5108,4299216682.91737
ripple,2026-09-15 07:00:00+00:00,1.3993255006057,87988481799.6428,4286932714.36944
ripple,2026-09-15 08:00:00+00:00,1.39343500911715,87618092349.2208,4281483067.33469
ripple,2026-09-15 09:00:00+00:00,1.3962018321904,87792067997.8583,4278447722.25033
ripple,2026-09-15 10:00:00+00:00,1.40229371225479,88175120602.802,4208498895.65098
ripple,2026-09-15 11:00:00+00:00,1.40233236145569,88177550834.0161,4140109566.57845
ripple,2026-09-15 12:00:00+00:00,1.40062966194436,88070486434.1334,3880703640.78496
ripple,2026-09-15 13:00:00+00:00,1.41744924015098,89128088221.7589,4168067252.72789
ripple,2026-09-15 14:00:00+00:00,1.41422855478525,88925574070.7897,4475707664.54368
ripple,2026-09-15 15:00:00+00:00,1.38621248872679,87163945973.9562,4584337328.42349
ripple,2026-09-15 16:00:00+00:00,1.38913497572068,87347709646.9263,4525478493.82995
ripple,2026-09-15 17:00:00+00:00,1.38733606140487,87234595336.1622,4819369356.70332
ripple,2026-09-15 18:00:00+00:00,1.40497698612693,88343842743.6908,4859159274.0508
ripple,2026-09-15 19:00:00+00:00,1.32566798047325,83356955134.2774,5385068198.7481
ripple,2026-09-15 20:00:00+00:00,1.29628003435556,81509064303.3121,5616671330.83118
ripple,2026-09-15 21:00:00+00:00,1.29318385848533,81314379211.0385,5732145048.91295
ripple,2026-09-15 22:00:00+00:00,1.27641991887775,80260275934.5575,5637895869.63423
ripple,2026-09-15 23:00:00+00:00,1.28842394474353,81015079596.0045,5689365706.41063
ripple,2026-09-16 00:00:00+00:00,1.28328016808105,80691642983.8286,5697321810.37077
ripple,2026-09-16 01:00:00+00:00,1.28653342121236,80896204970.1639,5754411687.65183
ripple,2026-09-16 02:00:00+00:00,1.27479257793707,80157950022.0527,5748316575.21694
ripple,2026-09-16 03:00:00+00:00,1.28853907021769,81022318594.8534,5837176873.42662
ripple,2026-09-16 04:00:00+00:00,1.29656767100922,81527150668.8178,5891076187.28662
ripple,2026-09-16 05:00:00+00:00,1.30108981355498,81811499418.9199,5973272904.3774
ripple,2026-09-16 06:00:00+00:00,1.29616381278982,81501756383.0913,5955857394.14481
ripple,2026-09-16 07:00:00+00:00,1.29672711754268,81537176540.855,5947159580.0757
ripple,2026-09-16 08:00:00+00:00,1.28427021008307,80753896042.633,5870837819.93299
ripple,2026-09-16 09:00:00+00:00,1.2838935053488,80730209146.5952,5885544538.98384
ripple,2026-09-16 10:00:00+00:00,1.29066943783387,81156274427.2468,5894843457.97678
ripple,2026-09-16 11:00:00+00:00,1.28800538640561,80988760978.4408,5890079885.52275
ripple,2026-09-16 12:00:00+00:00,1.29521218707601,81441918910.1345,5933853849.26793
ripple,2026-09-16 13:00:00+00:00,1.28208261457171,80616341765.4094,5799028346.52351
ripple,2026-09-16 14:00:00+00:00,1.2745053906572,80139891912.816,5444372973.36992
ripple,2026-09-16 15:00:00+00:00,1.26550222166967,79573779760.7432,5256996218.66565
ripple,2026-09-16 16:00:00+00:00,1.2661448309074,79614186521.853,5220997527.1051
ripple,2026-09-16 17:00:00+00:00,1.2676368279629,79708002117.8001,5202388969.43379
ripple,2026-09-16 18:00:00+00:00,1.26304736429037,79419420268.4405,5165218131.92467
ripple,2026-09-16 19:00:00+00:00,1.28433608441149,80758038168.3531,4669639259.72355
ripple,2026-09-16 20:00:00+00:00,1.30095661380622,81803123923.9655,4335979314.80475
ripple,2026-09-16 21:00:00+00:00,1.30166988310437,81847973733.8427,4091646726.76018
ripple,2026-09-16 22:00:00+00:00,1.29229516587615,81258498921.9745,3938775779.49951
ripple,2026-09-16 23:00:00+00:00,1.28550596574069,80831599381.9501,3867349161.33824
ripple,2026-09-17 00:00:00+00:00,1.29830436442591,81636352578.6091,3878131731.94471
ripple,2026-09-17 01:00:00+00:00,1.29417734488893,81376848851.0925,3828134129.93112
ripple,2026-09-17 02:00:00+00:00,1.29960830437314,81718343292.1816,3834677063.75431
ripple,2026-09-17 03:00:00+00:00,1.29912030061195,81687658001.2751,3809482920.70702
ripple,2026-09-17 04:00:00+00:00,1.30174739023116,81852847320.7334,3764534575.27913
ripple,2026-09-17 05:00:00+00:00,1.29880798386665,81668019771.1075,3500733028.88867
ripple,2026-09-17 06:00:00+00:00,1.29441591217766,81391849773.7038,3629660774.32116
ripple,2026-09-17 07:00:00+00:00,1.30004963571685,81746093858.3555,3632264249.78581
ripple,2026-09-17 08:00:00+00:00,1.30080279740902,81793452070.4477,3635919922.03274
ripple,2026-09-17 09:00:00+00:00,1.30269986121878,81912737943.8387,3607221938.35586
ripple,2026-09-17 10:00:00+00:00,1.29907490759912,81684803724.4956,3625998044.70367
ripple,2026-09-17 11:00:00+00:00,1.29451441653787,81398043650.0407,3623562147.37596
ripple,2026-09-17 12:00:00+00:00,1.29766707913009,81596280582.7598,3610723474.47496
ripple,2026-09-17 13:00:00+00:00,1.30421961671115,82008298968.3627,3675319920.00001
ripple,2026-09-17 14:00:00+00:00,1.30301036588389,81932262231.8353,3645847752.59836
ripple,2026-09-17 15:00:00+00:00,1.29982913334301,81732228843.3188,3629467293.81937
ripple,2026-09-17 16:00:00+00:00,1.30660312308364,82158171965.7351,3595110746.08447
ripple,2026-09-17 17:00:00+00:00,1.30387013060655,81986323558.2523,3594492397.9227
ripple,2026-09-17 18:00:00+00:00,1.29992757827089,81738418982.5975,3392775754.16757
ripple,2026-09-17 19:00:00+00:00,1.29456049671369,81400941135.0861,2898630125.95608
ripple,2026-09-17 20:00:00+00:00,1.29478131728407,81414826158.0698,2714478081.24412
ripple,2026-09-17 21:00:00+00:00,1.29768874452687,81597642885.7902,2539972223.18763
ripple,2026-09-17 22:00:00+00:00,1.2901618760174,81124359341.2773,2481154567.14087
ripple,2026-09-17 23:00:00+00:00,1.29491595547502,81423292101.1324,2382344645.0465
ripple,2026-09-18 00:00:00+00:00,1.29544859926541,81456784321.8031,2324564957.37403
ripple,2026-09-18 01:00:00+00:00,1.29956349413229,81715525659.6438,2398951708.1905
ripple,2026-09-18 02:00:00+00:00,1.30519885766242,82069872865.6307,2334161178.55641
solana,2026-09-11 03:00:00+00:00,99.3138810473123,58251355588.4193,2998064207.52748
solana,2026-09-11 04:00:00+00:00,99.3024443495735,58244638372.924,2998395054.0307
solana,2026-09-11 05:00:00+00:00,99.6617617066972,58455383897.1413,3030172927.81464
solana,2026-09-11 06:00:00+00:00,99.8527652821759,58567430295.0002,3041261066.5029
solana,2026-09-11 07:00:00+00:00,99.7726600932792,58520445566.498,3054112336.45322
solana,2026-09-11 08:00:00+00:00,99.7060758766981,58481368029.6981,3019907432.67093
solana,2026-09-11 09:00:00+00:00,99.892005192564,58590417051.6501,3052964916.70825
solana,2026-09-11 10:00:00+00:00,99.3893350206136,58295579456.7959,3018521379.68361
solana,2026-09-11 11:00:00+00:00,99.165441976605,58164254421.1837,3024372799.15096
solana,2026-09-11 12:00:00+00:00,99.4337955707986,58321650553.8011,3027975416.08658
solana,2026-09-11 13:00:00+00:00,101.587668423877,59584973719.6568,3210412520.83282
solana,2026-09-11 14:00:00+00:00,104.776370923984,61455262390.3161,3561664094.08318
solana,2026-09-11 15:00:00+00:00,103.256072005697,60563545508.9758,3966352718.3276
solana,2026-09-11 16:00:00+00:00,101.598631576156,59591390671.8029,4075347025.86465
solana,2026-09-11 17:00:00+00:00,102.354070199236,60034479464.3188,4197300695.02766
solana,2026-09-11 18:00:00+00:00,101.937988433855,59790427417.0375,4150992828.45688
solana,2026-09-11 19:00:00+00:00,101.038717005274,59262966996.1608,4297885490.31592
solana,2026-09-11 20:00:00+00:00,102.00733215862,59831093727.9346,4365769119.03654
solana,2026-09-11 21:00:00+00:00,102.484103560392,60110731598.1001,4528077812.23881
solana,2026-09-11 22:00:00+00:00,102.089958033574,59879548527.3834,4588676374.92386
solana,2026-09-11 23:00:00+00:00,101.828446019906,59734939659.799,4689837824.71949
solana,2026-09-12 00:00:00+00:00,102.394402975265,60066931771.4195,4675132943.88112
solana,2026-09-12 01:00:00+00:00,101.89776864802,59776625180.1985,4613339709.21829
solana,2026-09-12 02:00:00+00:00,101.995179822665,59833766193.2217,4444469596.59201
solana,2026-09-12 03:00:00+00:00,101.812965600717,59726870948.912,4591089265.60135
solana,2026-09-12 04:00:00+00:00,101.611152632339,59608475807.0494,4561010146.82294
solana,2026-09-12 05:00:00+00:00,101.592944883206,59597790941.6803,4517370476.97359
solana,2026-09-12 06:00:00+00:00,101.632439856585,59620956812.4183,4503433860.63136
solana,2026-09-12 07:00:00+00:00,101.673858709523,59645251114.5006,4500966180.43972
solana,2026-09-12 08:00:00+00:00,101.640720138434,59625808695.0455,4475477388.26136
solana,2026-09-12 09:00:00+00:00,101.802223745829,59720549232.4795,4482281506.61551
solana,2026-09-12 10:00:00+00:00,101.988513696499,59829828648.7103,4492379406.75075
solana,2026-09-12 11:00:00+00:00,102.11924305344,59906517002.8111,4470923422.60844
solana,2026-09-12 12:00:00+00:00,102.108551569848,59900240280.451,4393388173.64349
solana,2026-09-12 13:00:00+00:00,102.029817826788,59854049446.4796,3922833175.09607
solana,2026-09-12 14:00:00+00:00,101.951744941028,59808247264.7282,3472019080.61544
solana,2026-09-12 15:00:00+00:00,101.983419949709,59826823838.3555,2945746249.69657
solana,2026-09-12 16:00:00+00:00,102.03951369744,59859727018.1514,2746809263.81424
solana,2026-09-12 17:00:00+00:00,102.049430984714,59865540924.6846,2575914502.9716
solana,2026-09-12 18:00:00+00:00,101.956338533434,59810925931.1815,2487128565.39832
solana,2026-09-12 19:00:00+00:00,101.619177479807,59613132722.9177,2228202353.51248
solana,2026-09-12 20:00:00+00:00,101.261167485253,59403108229.2984,2220561280.2714
solana,2026-09-12 21:00:00+00:00,101.339711386042,59449182138.097,2083670683.62164
solana,2026-09-12 22:00:00+00:00,101.450117810312,59513944326.9243,2008101751.4193
solana,2026-09-12 23:00:00+00:00,101.665369961525,59640215902.3371,1844312421.49898
solana,2026-09-13 00:00:00+00:00,101.752393132619,59691262241.9212,1805260183.23611
solana,2026-09-13 01:00:00+00:00,101.714047692721,59670035091.4273,1816789369.03892
solana,2026-09-13 02:00:00+00:00,102.2716084494,59997121927.845,1859097243.41333
solana,2026-09-13 03:00:00+00:00,101.884755578374,59770174820.9304,1841752432.20938
solana,2026-09-13 04:00:00+00:00,101.594200947218,59599717187.1776,1771483373.08246
solana,2026-09-13 05:00:00+00:00,101.696252150405,59659581431.2263,1764339983.57399
solana,2026-09-13 06:00:00+00:00,101.79068447445,59714976442.0286,1788836847.18102
solana,2026-09-13 07:00:00+00:00,101.199167863358,59367964315.211,1769050001.25515
solana,2026-09-13 08:00:00+00:00,100.687682193248,59067900770.2564,1802462321.74357
solana,2026-09-13 09:00:00+00:00,100.002672097761,58666039600.2468,1855815611.57943
solana,2026-09-13 10:00:00+00:00,99.8412388661889,58571331182.0888,1883988646.16046
solana,2026-09-13 11:00:00+00:00,99.5255404776331,58386125303.8949,1873167320.10697
solana,2026-09-13 12:00:00+00:00,99.7842962864802,58546569836.2481,1827586378.52855
solana,2026-09-13 13:00:00+00:00,99.662502906839,58475105698.4977,1868360825.19199
solana,2026-09-13 14:00:00+00:00,100.070536340705,58714495811.7492,1847242893.34288
solana,2026-09-13 15:00:00+00:00,100.653234060618,59056379770.5573,1829202308.45576
solana,2026-09-13 16:00:00+00:00,100.224324259347,58804719481.1951,1853548977.87827
solana,2026-09-13 17:00:00+00:00,100.787307803941,59135035777.8214,1845153218.96998
solana,2026-09-13 18:00:00+00:00,100.970423387572,59242473134.6355,1917082303.51428
solana,2026-09-13 19:00:00+00:00,101.168320165982,59358581366.1684,1907285006.66854
solana,2026-09-13 20:00:00+00:00,100.938981668707,59224017234.8898,1890479127.82386
solana,2026-09-13 21:00:00+00:00,101.453517628742,59525905756.6758,1861780679.04838
solana,2026-09-13 22:00:00+00:00,101.184176888601,59367871737.677,1937220034.78071
solana,2026-09-13 23:00:00+00:00,99.7004591692876,58497326583.4161,2038466259.41165
solana,2026-09-14 00:00:00+00:00,99.3260052236567,58277619413.7775,2098694603.10067
solana,2026-09-14 01:00:00+00:00,99.6331799653266,58474034507.0857,2161816583.57337
solana,2026-09-14 02:00:00+00:00,100.075705710674,58733744775.3852,2167094352.84298
solana,2026-09-14 03:00:00+00:00,100.956396707594,59250612372.0737,2221724919.92844
solana,2026-09-14 04:00:00+00:00,100.938891526572,59240336593.3571,2252231468.79343
solana,2026-09-14 05:00:00+00:00,101.141052780493,59358978459.5281,2298230960.06604
solana,2026-09-14 06:00:00+00:00,101.091106811926,59329663919.2535,2298705378.30657
solana,2026-09-14 07:00:00+00:00,101.498220428993,59568592610.007,2384575038.12395
solana,2026-09-14 08:00:00+00:00,101.580942596789,59617136956.3226,2349326018.83622
solana,2026-09-14 09:00:00+00:00,101.451172404604,59540973877.1036,2302244126.55272
solana,2026-09-14 10:00:00+00:00,101.920839000845,59816612960.4355,2352641746.75507
solana,2026-09-14 11:00:00+00:00,101.745515568269,59713713505.0851,2384672453.81247
solana,2026-09-14 12:00:00+00:00,101.329424093193,59469510671.3475,2413688402.77275
solana,2026-09-14 13:00:00+00:00,101.319797107788,59463857253.9479,2446578593.20096
solana,2026-09-14 14:00:00+00:00,101.352486487445,59483037369.9825,2560141902.681
solana,2026-09-14 15:00:00+00:00,101.578475989386,59615664506.5282,2637723095.05326
solana,2026-09-14 16:00:00+00:00,101.94493592549,59830733463.5922,2761959089.3791
solana,2026-09-14 17:00:00+00:00,102.56287893903,60193395682.164,2887859560.86279
solana,2026-09-14 18:00:00+00:00,103.04390069447,60475699032.376,2988659112.02991
solana,2026-09-14 19:00:00+00:00,103.599596072784,60801828725.2108,3122349205.16346
solana,2026-09-14 20:00:00+00:00,103.241329888345,60591560540.2562,3226835881.93329
solana,2026-09-14 21:00:00+00:00,103.98489973765,61027951728.4556,3473372501.30169
solana,2026-09-14 22:00:00+00:00,103.213799534062,60575394808.1942,3536101677.99943
solana,2026-09-14 23:00:00+00:00,102.849134782264,60361372108.216,3445644400.16119
solana,2026-09-15 00:00:00+00:00,102.513653080675,60164475439.1689,3397711440.78171
solana,2026-09-15 01:00:00+00:00,102.456680863137,60136157588.4243,3364111276.02222
solana,2026-09-15 02:00:00+00:00,102.248337740639,60022693994.5399,3412297517.51488
solana,2026-09-15 03:00:00+00:00,101.957197088557,59851782640.6743,3330396538.86364
solana,2026-09-15 04:00:00+00:00,101.498009788922,59582215618.7315,3311391225.61419
solana,2026-09-15 05:00:00+00:00,101.254269546434,59439126860.8308,3304046997.74873
solana,2026-09-15 06:00:00+00:00,101.322578168005,59479218441.5921,3320623926.46349
solana,2026-09-15 07:00:00+00:00,100.867390707004,59212007151.3049,3293011205.99799
solana,2026-09-15 08:00:00+00:00,100.406952696308,58941712312.1736,3310196825.8524
solana,2026-09-15 09:00:00+00:00,100.57122404981,59038141068.0559,3258201344.79218
solana,2026-09-15 10:00:00+00:00,100.822094070067,59185405609.777,3304995485.57523
solana,2026-09-15 11:00:00+00:00,100.934730042421,59251522375.5941,3294968187.74245
solana,2026-09-15 12:00:00+00:00,100.801872403008,59173527912.7442,3158605280.83758
solana,2026-09-15 13:00:00+00:00,100.967061311215,59270495229.3659,3337856129.3417
solana,2026-09-15 14:00:00+00:00,100.455481968467,58970180091.0375,3355616062.06409
solana,2026-09-15 15:00:00+00:00,98.8390920308117,58021311907.7144,3442624497.3362
solana,2026-09-15 16:00:00+00:00,99.3263727338566,58307353292.7281,3496797875.71255
solana,2026-09-15 17:00:00+00:00,99.0590814539244,58150441982.5727,3390218032.8338
solana,2026-09-15 18:00:00+00:00,100.163188406871,58798581451.5479,3464885828.40308
solana,2026-09-15 19:00:00+00:00,98.1358309827969,57608460302.9979,3742754540.22548
solana,2026-09-15 20:00:00+00:00,97.8487426958034,57439928572.0699,3941144468.92536
solana,2026-09-15 21:00:00+00:00,97.3548290419389,57149980938.6009,3844135445.2981
solana,2026-09-15 22:00:00+00:00,96.4936757815609,56644458021.1768,3762169164.88302
solana,2026-09-15 23:00:00+00:00,97.1055672211678,57003648440.3651,3819517788.67291
solana,2026-09-16 00:00:00+00:00,96.8734847940119,56867407460.0667,3869098601.54063
solana,2026-09-16 01:00:00+00:00,97.0283769532977,56961966467.2501,3880326444.82573
solana,2026-09-16 02:00:00+00:00,96.4285713268449,56609837325.1784,3868390966.03137
solana,2026-09-16 03:00:00+00:00,97.1737436932825,57047297332.7971,3935827185.63564
solana,2026-09-16 04:00:00+00:00,97.1882151158795,57055790930.4503,3926627552.8151
solana,2026-09-16 05:00:00+00:00,97.2121432250741,57069834607.3908,3967074693.26709
solana,2026-09-16 06:00:00+00:00,97.166657492907,57043126715.2728,3948173618.39095
solana,2026-09-16 07:00:00+00:00,97.290879911523,57116051588.1172,3948107070.35518
solana,2026-09-16 08:00:00+00:00,96.8816953349885,56875830625.3609,3911117146.7538
solana,2026-09-16 09:00:00+00:00,96.952740840961,56917534346.226,3882056380.43177
solana,2026-09-16 10:00:00+00:00,97.2365921442261,57084170142.7052,3908375333.78833
solana,2026-09-16 11:00:00+00:00,97.1747622147853,57047870274.5173,3901177931.47737
solana,2026-09-16 12:00:00+00:00,97.9472682342247,57501376815.2242,3963930282.09235
solana,2026-09-16 13:00:00+00:00,97.494322946643,57235466827.323,3900905702.86183
solana,2026-09-16 14:00:00+00:00,97.1200224865548,57015723225.7482,3832862042.84801
solana,2026-09-16 15:00:00+00:00,96.9420690629862,56911248762.3991,3661943876.3317
solana,2026-09-16 16:00:00+00:00,97.0631255385518,56990682346.2824,3579519941.47958
solana,2026-09-16 17:00:00+00:00,97.1680755162388,57052299812.0338,3562600831.54144
solana,2026-09-16 18:00:00+00:00,97.0218842998951,56966461107.885,3547662937.16589
solana,2026-09-16 19:00:00+00:00,98.1007856327269,57599928740.0291,3548389940.93018
solana,2026-09-16 20:00:00+00:00,98.0388609501658,57563550288.7408,3407042116.69231
solana,2026-09-16 21:00:00+00:00,98.6251836566152,57907806766.0535,3495466608.60618
solana,2026-09-16 22:00:00+00:00,98.357324893794,57750527506.3298,3418014491.23392
solana,2026-09-16 23:00:00+00:00,97.426364247616,57203911036.2026,3336440089.66495
solana,2026-09-17 00:00:00+00:00,98.5424205832789,57859199208.3211,3377208909.99561
solana,2026-09-17 01:00:00+00:00,98.6442667203122,57925160202.9717,3383281358.27504
solana,2026-09-17 02:00:00+00:00,99.1903083174124,58245798993.6462,3424415536.40736
solana,2026-09-17 03:00:00+00:00,99.3103766643942,58316300667.0149,3427033242.75989
solana,2026-09-17 04:00:00+00:00,99.8727215983995,58646512838.0688,3454039393.24021
solana,2026-09-17 05:00:00+00:00,99.8189751069016,58614946443.6673,3428662280.62492
solana,2026-09-17 06:00:00+00:00,99.462236703463,58405461150.1128,3410889297.11941
solana,2026-09-17 07:00:00+00:00,99.6627499731833,58523201589.5074,3430745707.52361
solana,2026-09-17 08:00:00+00:00,99.9447308958928,58688780695.5974,3467354791.31131
solana,2026-09-17 09:00:00+00:00,100.230384826684,58856516903.7133,3468500682.9083
solana,2026-09-17 10:00:00+00:00,100.159168358237,58814695055.7365,3515883776.25123
solana,2026-09-17 11:00:00+00:00,99.7430137196254,58570321246.3683,3548471994.3113
solana,2026-09-17 12:00:00+00:00,100.003646274579,58723362886.0284,3533416373.94631
solana,2026-09-17 13:00:00+00:00,100.670051235308,59114680431.0774,3670101854.15721
solana,2026-09-17 14:00:00+00:00,100.616277134043,59083101479.0628,3709116704.42923
solana,2026-09-17 15:00:00+00:00,101.02925776715,59325604162.8624,3828965484.90963
solana,2026-09-17 16:00:00+00:00,101.186668039747,59418031204.0096,3864528029.12291
solana,2026-09-17 17:00:00+00:00,101.285148230077,59475855887.9589,3936578555.65253
solana,2026-09-17 18:00:00+00:00,101.448150711787,59571568207.212,3930115724.97673
solana,2026-09-17 19:00:00+00:00,100.774622786951,59176060116.4203,3468101962.99904
solana,2026-09-17 20:00:00+00:00,100.848806823291,59219619681.3903,3304329227.06936
solana,2026-09-17 21:00:00+00:00,101.213516753633,59433775172.0392,3226506210.44221
solana,2026-09-17 22:00:00+00:00,101.026494436253,59323950612.9054,3230579788.47153
solana,2026-09-17 23:00:00+00:00,101.325947264175,59499786749.0183,3256321220.42451
solana,2026-09-18 00:00:00+00:00,101.569083500571,59642557336.9192,3236156684.82383
solana,2026-09-18 01:00:00+00:00,101.320109422988,59496350943.2911,3246595857.26941
solana,2026-09-18 02:00:00+00:00,102.524541921078,60203601468.0921,3330558087.94913
